,Div,Date,Time,HomeTeam,AwayTeam,FTHG,FTAG,FTR,HTHG,HTAG,HTR,HS,AS,HST,AST,HF,AF,HC,AC,HY,AY,HR,AR,B365H,B365D,B365A,BWH,BWD,BWA,BFH,BFD,BFA,PSH,PSD,PSA,WHH,WHD,WHA,1XBH,1XBD,1XBA,MaxH,MaxD,MaxA,AvgH,AvgD,AvgA,BFEH,BFED,BFEA,B365>2.5,B365<2.5,P>2.5,P<2.5,Max>2.5,Max<2.5,Avg>2.5,Avg<2.5,BFE>2.5,BFE<2.5,AHh,B365AHH,B365AHA,PAHH,PAHA,MaxAHH,MaxAHA,AvgAHH,AvgAHA,BFEAHH,BFEAHA,B365CH,B365CD,B365CA,BWCH,BWCD,BWCA,BFCH,BFCD,BFCA,PSCH,PSCD,PSCA,WHCH,WHCD,WHCA,1XBCH,1XBCD,1XBCA,MaxCH,MaxCD,MaxCA,AvgCH,AvgCD,AvgCA,BFECH,BFECD,BFECA,B365C>2.5,B365C<2.5,PC>2.5,PC<2.5,MaxC>2.5,MaxC<2.5,AvgC>2.5,AvgC<2.5,BFEC>2.5,BFEC<2.5,AHCh,B365CAHH,B365CAHA,PCAHH,PCAHA,MaxCAHH,MaxCAHA,AvgCAHH,AvgCAHA,BFECAHH,BFECAHA,Season
0,D1,23/08/2024,19:30,M'gladbach,Leverkusen,2,3,A,0,2,A,14,25,7,9,11,7,2,4,1,0,0,0,5.25,4.5,1.55,5.0,4.4,1.58,5.0,4.5,1.6,5.33,4.58,1.6,5.0,4.33,1.57,5.39,4.78,1.61,5.5,4.78,1.62,5.16,4.53,1.58,5.7,4.7,1.63,1.44,2.75,1.5,2.71,1.51,2.75,1.47,2.68,1.53,2.86,1.0,1.98,1.92,1.98,1.94,2.01,1.94,1.93,1.92,2.0,1.96,4.75,4.5,1.62,4.75,4.33,1.63,4.75,4.2,1.55,4.94,4.38,1.67,5.0,4.4,1.57,5.13,4.62,1.62,5.6,4.62,1.67,5.09,4.46,1.6,5.4,4.5,1.68,1.44,2.75,1.48,2.79,1.48,2.9,1.45,2.8,1.5,2.96,1.0,1.86,2.04,1.87,2.06,1.96,2.08,1.91,1.96,1.91,2.07,2024/2025
1,D1,24/08/2024,14:30,Augsburg,Werder Bremen,2,2,D,2,1,H,10,12,3,6,11,10,4,2,3,1,0,0,2.2,3.6,3.1,2.25,3.5,3.0,2.25,3.6,3.1,2.32,3.55,3.11,2.25,3.5,3.1,2.31,3.8,3.13,2.35,3.8,3.16,2.28,3.56,3.07,2.34,3.7,3.25,1.73,2.1,1.74,2.18,1.77,2.23,1.72,2.15,1.74,2.24,-0.25,1.99,1.91,2.02,1.89,2.02,1.95,1.96,1.9,2.02,1.95,2.45,3.6,2.7,2.45,3.5,2.7,2.38,3.3,2.7,2.57,3.61,2.77,2.45,3.6,2.7,2.51,3.69,2.77,2.57,3.69,3.16,2.46,3.54,2.82,2.6,3.65,2.9,1.67,2.2,1.71,2.26,1.75,2.3,1.69,2.21,1.74,2.28,0.0,1.88,2.05,1.88,2.04,1.88,2.06,1.86,2.03,1.9,2.1,2024/2025
2,D1,24/08/2024,14:30,Freiburg,Stuttgart,3,1,H,1,1,D,15,9,4,2,7,10,6,3,2,1,0,0,3.5,3.6,2.05,3.4,3.6,2.05,3.5,3.6,2.05,3.5,3.7,2.09,3.5,3.7,2.0,3.58,3.87,2.1,3.65,3.87,2.11,3.5,3.7,2.06,3.7,3.7,2.16,1.67,2.2,1.71,2.23,1.78,2.27,1.7,2.18,1.75,2.3,0.5,1.83,2.07,1.81,2.09,1.85,2.09,1.81,2.05,1.85,2.16,3.7,3.8,1.91,3.5,3.7,2.0,3.5,3.7,1.9,3.73,3.99,1.96,3.6,3.7,2.0,3.95,3.9,1.92,3.95,3.99,2.11,3.62,3.81,1.98,3.8,4.0,2.04,1.53,2.5,1.56,2.58,1.61,2.62,1.55,2.43,1.59,2.66,0.5,1.95,1.98,1.95,1.97,1.98,2.09,1.87,2.0,1.95,2.04,2024/2025
3,D1,24/08/2024,14:30,Hoffenheim,Holstein Kiel,3,2,H,2,0,H,20,15,8,6,8,14,8,6,2,3,0,1,1.65,4.5,4.5,1.65,4.2,4.6,1.62,4.33,5.0,1.64,4.38,5.07,1.65,4.2,4.75,1.69,4.52,4.98,1.69,4.52,5.2,1.65,4.33,4.85,1.67,4.5,5.3,1.53,2.5,1.55,2.56,1.55,2.56,1.53,2.49,,,-1.0,2.08,1.82,2.08,1.84,2.09,1.84,2.05,1.8,2.1,1.86,1.62,4.75,4.5,1.61,4.4,4.8,1.55,4.2,4.75,1.61,4.68,5.05,1.6,4.5,4.8,1.61,4.82,4.99,1.7,4.82,5.1,1.62,4.54,4.87,1.64,4.7,5.4,1.4,3.0,1.45,2.89,1.56,3.0,1.45,2.77,1.47,3.0,-1.0,2.03,1.9,1.99,1.93,2.16,1.95,2.02,1.86,2.0,1.95,2024/2025
4,D1,24/08/2024,14:30,Mainz,Union Berlin,1,1,D,0,0,D,15,15,3,4,9,15,8,9,1,3,0,0,2.0,3.4,3.9,2.0,3.3,3.9,2.05,3.3,4.0,2.08,3.24,4.1,2.05,3.2,3.9,2.11,3.37,4.11,2.11,3.4,4.2,2.05,3.3,4.01,2.12,3.4,4.1,2.2,1.67,2.27,1.68,2.3,1.72,2.23,1.68,,,-0.5,2.05,1.85,2.09,1.83,2.09,1.88,2.04,1.83,2.12,1.86,2.05,3.3,3.75,2.05,3.3,3.7,2.0,3.1,3.6,2.1,3.39,3.9,2.05,3.25,3.8,2.1,3.38,3.85,2.15,3.5,3.99,2.08,3.34,3.8,2.18,3.4,3.95,2.07,1.83,2.09,1.83,2.27,1.87,2.07,1.79,2.14,1.85,-0.5,2.1,1.83,2.11,1.83,2.13,1.85,2.07,1.81,2.18,1.84,2024/2025
5,D1,24/08/2024,14:30,RB Leipzig,Bochum,1,0,H,0,0,D,12,10,3,4,9,17,9,3,1,3,1,0,1.25,7.0,9.0,1.27,6.25,9.75,1.25,6.5,11.0,1.25,6.71,10.65,1.25,6.0,11.0,1.28,7.01,11.3,1.28,7.01,12.0,1.25,6.58,10.53,1.27,7.2,12.0,1.36,3.2,1.35,3.26,1.38,3.33,1.36,3.14,,,-1.75,1.87,2.03,1.86,2.03,1.93,2.04,1.86,2.0,1.88,2.05,1.22,7.5,11.0,1.23,6.75,12.0,1.17,6.5,11.0,1.22,7.23,12.72,1.22,6.5,12.0,1.23,7.58,11.5,1.25,7.58,13.0,1.22,7.05,11.94,1.24,7.8,14.0,1.33,3.4,1.34,3.38,1.37,3.56,1.33,3.35,1.37,3.6,-2.0,1.99,1.94,1.99,1.92,2.02,1.95,1.97,1.89,2.01,1.93,2024/2025
6,D1,24/08/2024,17:30,Dortmund,Ein Frankfurt,2,0,H,0,0,D,17,7,5,2,6,3,7,7,0,1,0,0,1.7,4.1,4.5,1.71,4.2,4.33,1.7,4.2,4.5,1.71,4.4,4.48,1.7,4.2,4.33,1.75,4.52,4.52,1.75,4.52,4.52,1.71,4.31,4.39,1.76,4.5,4.7,1.5,2.63,1.48,2.73,1.5,2.79,1.47,2.68,1.51,2.84,-0.75,1.89,2.01,1.89,2.01,1.92,2.03,1.88,1.98,1.93,2.04,1.7,4.0,4.5,1.75,4.0,4.2,1.75,3.8,4.2,1.75,4.19,4.58,1.75,4.0,4.2,1.73,4.11,4.82,1.81,4.35,4.82,1.76,4.1,4.36,1.87,4.1,4.5,1.5,2.63,1.52,2.7,1.52,2.81,1.49,2.65,1.58,2.68,-0.75,1.93,2.0,1.93,1.99,1.99,2.0,1.92,1.93,2.07,1.91,2024/2025
7,D1,25/08/2024,14:30,Wolfsburg,Bayern Munich,2,3,A,0,1,A,11,14,2,8,13,11,1,7,2,3,0,0,6.25,4.75,1.45,6.0,4.8,1.47,6.5,5.0,1.44,6.33,5.0,1.47,7.0,5.0,1.4,6.37,5.08,1.51,6.6,5.1,1.51,6.32,4.93,1.46,7.0,5.3,1.49,1.44,2.75,1.46,2.81,1.46,2.86,1.44,2.76,,,1.25,1.92,1.98,1.92,1.99,1.96,2.0,1.9,1.95,1.94,1.99,6.0,4.75,1.45,6.5,4.6,1.46,6.0,4.5,1.5,6.5,4.57,1.52,6.5,4.6,1.5,6.5,4.92,1.49,7.0,4.92,1.54,6.36,4.67,1.49,6.4,4.7,1.58,1.44,2.75,1.53,2.59,1.53,2.95,1.46,2.76,1.51,2.9,1.25,1.95,1.98,1.94,1.98,1.98,2.02,1.91,1.95,1.96,2.03,2024/2025
8,D1,25/08/2024,16:30,St Pauli,Heidenheim,0,2,A,0,0,D,11,6,3,3,10,15,4,2,2,3,0,0,2.1,3.5,3.4,2.1,3.5,3.4,2.1,3.5,3.4,2.13,3.5,3.59,2.1,3.4,3.5,2.17,3.62,3.6,2.17,3.62,3.68,2.12,3.5,3.46,2.2,3.55,3.7,1.87,2.03,1.87,2.02,1.91,2.05,1.85,1.98,1.88,2.04,-0.25,1.84,2.06,1.85,2.07,1.87,2.08,1.82,2.03,1.89,2.08,1.95,3.5,3.75,2.0,3.5,3.7,1.91,3.25,3.8,2.02,3.49,4.06,2.0,3.5,3.7,2.05,3.62,3.74,2.05,3.62,4.06,2.0,3.51,3.8,2.04,3.55,4.2,2.03,1.87,2.03,1.88,2.05,2.0,1.94,1.88,2.04,1.93,-0.5,2.02,1.91,2.03,1.9,2.05,1.93,2.01,1.86,2.06,1.92,2024/2025
9,D1,30/08/2024,19:30,Union Berlin,St Pauli,1,0,H,1,0,H,10,8,5,2,10,11,5,4,3,1,0,0,1.91,3.5,4.1,1.93,3.5,4.0,1.95,3.4,4.2,1.96,3.5,4.29,1.91,3.4,4.2,1.99,3.59,4.26,2.01,3.6,4.4,1.94,3.5,4.15,1.98,3.6,4.5,2.03,1.87,2.03,1.88,2.05,1.91,1.99,1.86,2.04,1.93,-0.5,1.95,1.98,1.97,1.95,1.97,2.0,1.94,1.93,1.98,2.01,1.95,3.4,4.2,1.95,3.4,4.0,1.95,3.3,3.9,1.95,3.43,4.43,2.0,3.3,4.0,1.94,3.45,4.43,2.04,3.51,4.43,1.97,3.43,4.13,2.04,3.5,4.3,2.1,1.73,2.17,1.76,2.21,1.89,2.06,1.79,2.2,1.81,-0.5,1.99,1.94,1.96,1.96,2.01,1.96,1.98,1.89,2.03,1.96,2024/2025
10,D1,31/08/2024,14:30,Bochum,M'gladbach,0,2,A,0,0,D,16,15,4,6,9,10,3,4,1,0,0,0,2.6,3.6,2.6,2.5,3.6,2.6,2.63,3.6,2.55,2.66,3.73,2.57,2.62,3.6,2.5,2.69,3.88,2.59,2.69,3.88,2.65,2.62,3.69,2.56,2.74,3.75,2.66,1.57,2.38,1.61,2.44,1.65,2.47,1.6,2.38,1.63,2.5,0.0,1.98,1.92,1.99,1.92,2.01,1.95,1.97,1.91,2.01,1.95,2.88,3.8,2.3,2.8,3.7,2.3,2.8,3.6,2.3,2.88,3.85,2.38,2.8,3.7,2.38,2.95,3.82,2.33,2.96,3.9,2.38,2.86,3.75,2.34,2.96,4.0,2.4,1.5,2.63,1.51,2.7,1.53,2.75,1.5,2.62,1.55,2.78,0.25,1.86,2.07,1.85,2.09,1.88,2.09,1.83,2.03,1.89,2.1,2024/2025
11,D1,31/08/2024,14:30,Ein Frankfurt,Hoffenheim,3,1,H,2,0,H,17,10,7,3,10,10,1,4,0,3,0,0,1.8,4.2,3.9,1.82,4.0,3.9,1.75,4.0,4.2,1.8,4.2,4.12,1.83,4.0,3.9,1.85,4.27,4.16,1.85,4.3,4.2,1.81,4.1,4.01,1.85,4.2,4.3,1.44,2.75,1.47,2.78,1.5,2.82,1.46,2.71,1.5,2.84,-0.75,2.03,1.87,2.02,1.89,2.07,1.9,2.01,1.85,2.05,1.9,1.62,4.5,4.5,1.68,4.2,4.5,1.67,4.33,4.33,1.65,4.6,4.84,1.67,4.2,4.6,1.63,4.59,5.02,1.71,4.6,5.02,1.67,4.4,4.62,1.72,4.5,4.9,1.4,3.0,1.46,3.04,1.46,3.11,1.43,2.89,1.47,3.05,-0.75,1.75,2.05,1.8,2.13,1.91,2.13,1.81,2.05,1.89,2.1,2024/2025
12,D1,31/08/2024,14:30,Holstein Kiel,Wolfsburg,0,2,A,0,2,A,12,12,5,4,17,14,1,7,4,7,0,0,3.2,3.7,2.15,3.1,3.6,2.15,3.4,3.6,2.15,3.26,3.69,2.19,3.2,3.6,2.15,3.34,3.86,2.19,3.4,3.86,2.21,3.2,3.69,2.18,3.4,3.7,2.22,1.73,2.1,1.72,2.21,1.74,2.28,1.7,2.18,1.72,2.26,0.25,1.99,1.91,1.99,1.92,2.0,1.92,1.95,1.88,2.04,1.92,2.9,3.7,2.3,2.9,3.6,2.3,3.0,3.5,2.25,3.06,3.68,2.33,2.9,3.6,2.3,2.95,3.77,2.34,3.07,3.77,2.38,2.97,3.64,2.32,3.15,3.7,2.38,1.62,2.3,1.67,2.32,1.68,2.41,1.64,2.28,1.71,2.38,0.25,1.89,2.04,1.89,2.03,1.93,2.05,1.85,2.0,1.93,2.06,2024/2025
13,D1,31/08/2024,14:30,Stuttgart,Mainz,3,3,D,2,1,H,28,9,13,7,6,12,11,2,4,2,0,0,1.62,4.33,5.25,1.61,4.2,5.25,1.65,4.1,5.0,1.66,4.23,5.09,1.62,4.2,5.0,1.7,4.42,5.03,1.7,4.42,5.25,1.65,4.24,5.02,1.69,4.2,5.7,1.62,2.3,1.64,2.36,1.67,2.4,1.62,2.32,1.67,2.34,-0.75,1.75,2.05,1.83,2.08,1.85,2.11,1.8,2.06,1.84,2.14,1.67,4.33,4.75,1.65,4.2,4.8,1.62,4.0,5.0,1.67,4.21,4.97,1.65,4.2,4.8,1.64,4.36,5.21,1.69,4.36,5.21,1.66,4.25,4.88,1.71,4.3,5.4,1.57,2.38,1.58,2.51,1.66,2.53,1.58,2.42,1.62,2.56,-0.75,1.87,2.06,1.85,2.09,1.87,2.13,1.82,2.05,1.88,2.1,2024/2025
14,D1,31/08/2024,14:30,Werder Bremen,Dortmund,0,0,D,0,0,D,5,9,1,4,11,16,5,6,2,7,0,1,4.1,4.0,1.8,3.75,4.0,1.83,4.0,4.1,1.8,4.05,4.14,1.83,3.9,4.0,1.83,4.03,4.37,1.86,4.2,4.37,1.86,3.94,4.12,1.82,4.2,4.2,1.87,1.44,2.75,1.46,2.84,1.48,2.93,1.44,2.77,1.45,2.94,0.5,2.03,1.78,2.07,1.83,2.1,1.85,2.03,1.82,2.12,1.88,3.9,3.75,1.91,3.75,3.75,1.9,3.75,3.9,1.87,3.88,3.94,1.93,3.6,3.8,1.95,4.15,3.81,1.9,4.15,4.1,1.95,3.79,3.89,1.91,3.85,4.0,2.0,1.57,2.38,1.6,2.49,1.62,2.63,1.55,2.47,1.61,2.58,0.5,1.98,1.95,1.98,1.94,2.01,1.95,1.95,1.91,1.99,2.0,2024/2025
15,D1,31/08/2024,17:30,Leverkusen,RB Leipzig,2,3,A,2,1,H,27,10,10,4,7,8,18,2,3,1,0,0,1.75,4.2,4.1,1.8,4.0,3.9,1.75,4.0,4.4,1.8,4.22,4.1,1.8,4.0,4.0,1.85,4.27,4.16,1.85,4.3,4.4,1.8,4.14,4.05,1.82,4.2,4.5,1.5,2.63,1.49,2.72,1.51,2.75,1.48,2.65,1.51,2.8,-0.75,2.01,1.89,2.02,1.88,2.05,1.92,1.99,1.86,2.02,1.92,1.62,4.5,4.75,1.63,4.33,4.6,1.62,4.1,4.75,1.63,4.45,5.15,1.65,4.2,4.75,1.67,4.59,4.66,1.75,4.59,5.15,1.67,4.34,4.66,1.68,4.5,5.2,1.44,2.75,1.47,2.83,1.5,2.89,1.45,2.78,1.51,2.92,-0.75,1.73,2.08,1.78,2.16,1.89,2.19,1.81,2.04,1.84,2.17,2024/2025
16,D1,01/09/2024,14:30,Heidenheim,Augsburg,4,0,H,2,0,H,17,15,9,1,15,11,5,6,0,3,0,0,2.38,3.5,2.9,2.37,3.5,2.8,2.38,3.4,3.0,2.42,3.47,3.02,2.38,3.5,2.88,2.44,3.72,2.97,2.46,3.72,3.04,2.4,3.49,2.94,2.46,3.6,3.1,1.73,2.1,1.81,2.08,1.82,2.19,1.77,2.09,1.76,2.12,-0.25,2.07,1.83,2.09,1.83,2.12,1.87,2.05,1.81,2.12,1.86,2.38,3.5,2.9,2.45,3.4,2.8,2.3,3.3,2.88,2.42,3.49,3.05,2.38,3.5,2.88,2.5,3.57,2.86,2.5,3.65,3.05,2.42,3.47,2.92,2.48,3.55,3.1,1.8,2.0,1.81,2.11,1.82,2.2,1.77,2.08,1.83,2.16,-0.25,2.09,1.84,2.09,1.85,2.11,1.85,2.07,1.8,2.13,1.86,2024/2025
17,D1,01/09/2024,16:30,Bayern Munich,Freiburg,2,0,H,1,0,H,11,8,4,4,13,12,2,4,1,0,0,0,1.2,8.0,11.0,1.2,7.75,11.5,1.2,7.5,12.0,1.21,7.89,11.45,1.2,7.0,12.0,1.23,8.1,12.5,1.24,8.4,13.0,1.21,7.74,11.63,1.23,8.0,13.5,1.25,4.0,,,1.27,4.23,1.24,3.96,1.27,4.1,-2.25,2.03,1.78,2.08,1.8,2.11,1.85,2.07,1.79,2.11,1.81,1.2,7.5,11.0,1.2,7.5,12.0,1.15,7.5,13.0,1.19,8.1,13.69,1.2,7.0,13.0,1.22,7.96,12.1,1.22,8.8,14.0,1.2,7.84,12.66,1.21,8.6,16.5,1.29,3.75,,,1.29,3.93,1.27,3.72,1.31,4.1,-2.0,1.9,2.03,1.88,2.02,1.9,2.07,1.85,2.02,1.9,2.07,2024/2025
18,D1,13/09/2024,19:30,Dortmund,Heidenheim,4,2,H,3,1,H,13,11,7,4,13,18,8,1,2,2,0,0,1.4,5.5,6.5,1.39,5.0,7.5,1.36,5.0,8.0,1.39,5.35,7.83,1.36,5.0,8.0,1.43,5.39,7.7,1.43,5.5,8.0,1.39,5.26,7.6,1.42,5.7,8.2,1.5,2.63,1.51,2.65,1.53,2.7,1.5,2.62,1.54,2.8,-1.5,2.07,1.83,2.08,1.81,2.13,1.85,2.06,1.81,2.14,1.84,1.33,5.75,7.5,1.34,5.5,7.75,1.33,5.0,9.0,1.34,5.7,8.67,1.35,5.5,8.0,1.36,5.91,7.98,1.42,5.91,9.0,1.35,5.56,8.14,1.37,5.8,9.4,1.44,2.75,1.47,2.77,1.53,2.93,1.45,2.81,1.5,2.96,-1.5,1.95,1.95,1.94,1.94,2.11,2.01,1.95,1.9,2.0,1.98,2024/2025
19,D1,14/09/2024,14:30,Freiburg,Bochum,2,1,H,0,1,A,27,13,9,2,5,16,5,6,0,3,0,0,1.7,3.9,5.0,1.73,3.9,4.5,1.67,4.0,5.0,1.69,4.08,4.9,1.7,4.0,4.6,1.75,4.26,4.82,1.75,4.26,5.0,1.71,4.06,4.72,1.73,4.1,5.5,1.67,2.2,1.65,2.29,1.7,2.34,1.66,2.27,1.71,2.32,-0.75,1.9,2.0,1.88,2.01,1.93,2.02,1.88,1.97,1.92,2.05,1.55,4.2,5.75,1.6,4.2,5.25,1.5,4.1,5.0,1.58,4.41,5.8,1.57,4.2,5.5,1.59,4.31,5.9,1.61,4.41,5.9,1.58,4.29,5.58,1.62,4.4,6.2,1.62,2.3,1.63,2.41,1.69,2.44,1.61,2.34,1.66,2.48,-1.0,1.95,1.98,1.96,1.96,2.01,1.98,1.96,1.91,2.0,1.96,2024/2025
20,D1,14/09/2024,14:30,Hoffenheim,Leverkusen,1,4,A,1,2,A,14,20,5,8,9,10,4,12,2,2,0,0,5.75,4.5,1.48,5.25,4.75,1.55,5.5,5.0,1.5,5.95,4.96,1.49,5.5,4.75,1.5,5.6,5.19,1.55,6.2,5.19,1.55,5.78,4.94,1.5,6.2,5.2,1.54,1.33,3.4,1.34,3.39,1.35,3.6,1.31,3.41,1.35,3.65,1.25,1.89,2.01,1.9,1.98,1.9,2.05,1.86,1.98,1.9,2.07,7.0,5.0,1.42,6.25,5.25,1.42,6.0,5.0,1.33,6.84,5.37,1.43,6.5,5.0,1.44,7.37,5.08,1.43,7.37,5.5,1.46,6.66,5.22,1.42,7.0,5.5,1.47,1.33,3.4,1.34,3.39,1.35,3.58,1.32,3.4,1.36,3.65,1.25,2.03,1.78,2.06,1.87,2.09,1.93,2.02,1.83,2.1,1.88,2024/2025
21,D1,14/09/2024,14:30,M'gladbach,Stuttgart,1,3,A,1,1,D,15,12,7,7,14,12,6,2,2,2,0,0,2.75,4.0,2.3,2.75,3.8,2.3,2.8,3.9,2.3,2.84,3.96,2.31,2.88,3.8,2.25,2.93,4.11,2.32,2.93,4.11,2.37,2.81,3.94,2.31,2.96,4.0,2.4,1.44,2.75,1.45,2.82,1.47,2.93,1.44,2.78,1.49,2.94,0.25,1.83,2.07,1.82,2.08,1.85,2.1,1.83,2.02,1.89,2.1,2.63,3.8,2.45,2.65,3.75,2.4,2.55,3.8,2.25,2.7,3.86,2.51,2.7,3.8,2.38,2.78,3.88,2.42,2.78,4.0,2.53,2.68,3.84,2.44,2.76,3.9,2.58,1.5,2.63,1.5,2.72,1.5,2.88,1.46,2.76,1.53,2.84,0.0,2.02,1.91,2.04,1.88,2.06,1.92,2.03,1.87,2.07,1.92,2024/2025
22,D1,14/09/2024,14:30,RB Leipzig,Union Berlin,0,0,D,0,0,D,16,11,3,3,9,19,6,5,2,3,0,0,1.48,4.5,6.5,1.46,4.5,6.75,1.44,4.6,7.0,1.48,4.69,6.64,1.44,4.5,7.0,1.51,4.83,6.83,1.51,4.9,7.0,1.48,4.68,6.68,1.5,4.9,7.4,1.67,2.2,1.71,2.2,1.73,2.29,1.68,2.22,1.73,2.3,-1.25,2.07,1.83,2.06,1.83,2.08,1.85,2.04,1.81,2.08,1.87,1.48,4.75,6.25,1.47,4.6,6.25,1.4,4.5,6.5,1.49,4.8,6.62,1.44,4.6,7.0,1.5,4.87,6.41,1.5,5.0,7.0,1.46,4.77,6.67,1.5,5.0,7.2,1.57,2.38,1.62,2.42,1.62,2.49,1.59,2.4,1.65,2.48,-1.25,2.08,1.85,2.09,1.85,2.09,1.89,2.01,1.85,2.11,1.88,2024/2025
23,D1,14/09/2024,14:30,Wolfsburg,Ein Frankfurt,1,2,A,0,1,A,17,15,4,7,7,18,5,4,1,2,0,0,2.63,3.6,2.5,2.55,3.5,2.6,2.7,3.5,2.55,2.72,3.45,2.63,2.6,3.5,2.6,2.75,3.74,2.6,2.75,3.74,2.67,2.69,3.53,2.58,2.82,3.65,2.68,1.73,2.1,1.77,2.12,1.8,2.21,1.73,2.09,1.78,2.18,0.0,2.01,1.89,1.98,1.91,2.02,1.92,1.98,1.89,2.04,1.94,2.7,3.6,2.45,2.75,3.3,2.5,2.63,3.3,2.4,2.82,3.44,2.61,2.7,3.5,2.5,2.77,3.69,2.51,2.9,3.69,2.66,2.75,3.46,2.55,2.86,3.55,2.68,1.87,2.03,1.88,2.03,1.88,2.1,1.83,2.01,1.92,2.06,0.0,2.04,1.89,2.04,1.88,2.07,1.9,2.01,1.88,2.07,1.92,2024/2025
24,D1,14/09/2024,17:30,Holstein Kiel,Bayern Munich,1,6,A,0,4,A,5,23,1,13,12,11,2,10,0,1,0,0,11.0,7.0,1.22,10.5,7.0,1.23,12.0,7.5,1.2,11.8,7.52,1.21,11.0,6.5,1.25,11.3,7.36,1.26,13.0,7.9,1.26,11.32,7.34,1.23,12.5,8.2,1.24,1.29,3.75,,,1.29,4.0,1.27,3.81,1.3,3.9,2.0,1.97,1.93,1.94,1.93,1.97,2.01,1.9,1.94,1.97,1.99,11.0,7.5,1.2,11.5,7.5,1.21,11.0,7.0,1.18,13.19,7.77,1.2,12.0,7.0,1.2,12.1,7.96,1.22,15.0,8.2,1.22,12.51,7.61,1.2,17.0,8.4,1.21,1.3,3.5,,,1.31,4.0,1.28,3.74,1.31,4.1,2.0,2.05,1.88,1.99,1.92,2.07,1.95,1.99,1.87,2.07,1.9,2024/2025
25,D1,15/09/2024,14:30,Augsburg,St Pauli,3,1,H,0,0,D,18,12,10,3,12,10,7,7,4,3,0,0,2.1,3.6,3.4,2.05,3.5,3.5,2.1,3.6,3.4,2.09,3.61,3.52,2.05,3.6,3.4,2.13,3.84,3.51,2.13,3.84,3.56,2.09,3.62,3.47,2.12,3.75,3.65,1.73,2.1,1.78,2.1,1.8,2.18,1.76,2.11,1.85,2.16,-0.25,1.82,2.08,1.82,2.08,1.83,2.13,1.79,2.05,1.85,2.14,2.05,3.25,3.9,2.05,3.25,3.75,2.0,3.3,3.5,2.08,3.33,4.02,2.05,3.25,3.8,2.1,3.36,3.9,2.14,3.55,4.1,2.07,3.36,3.81,2.14,3.4,4.0,2.1,1.73,2.15,1.76,2.2,2.04,2.04,1.81,2.2,1.81,-0.5,2.1,1.83,2.09,1.85,2.13,1.89,2.06,1.81,2.14,1.84,2024/2025
26,D1,15/09/2024,16:30,Mainz,Werder Bremen,1,2,A,1,1,D,11,11,5,5,12,7,10,4,3,1,0,1,2.0,3.7,3.5,2.05,3.5,3.6,2.0,3.75,3.6,2.04,3.66,3.61,2.05,3.6,3.5,2.06,3.84,3.7,2.08,3.84,3.72,2.04,3.66,3.57,2.1,3.75,3.75,1.73,2.1,1.78,2.1,1.82,2.15,1.75,2.09,1.8,2.16,-0.5,2.05,1.85,2.05,1.84,2.08,1.86,2.04,1.83,2.1,1.88,2.15,3.6,3.2,2.2,3.5,3.2,2.1,3.5,3.3,2.2,3.62,3.37,2.2,3.5,3.2,2.2,3.68,3.28,2.26,3.7,3.5,2.17,3.58,3.31,2.28,3.6,3.5,1.73,2.1,1.76,2.16,1.78,2.21,1.75,2.12,1.8,2.22,-0.25,1.92,2.01,1.91,2.01,1.96,2.07,1.88,1.98,1.96,2.03,2024/2025
27,D1,20/09/2024,19:30,Augsburg,Mainz,2,3,A,1,2,A,30,5,9,3,7,12,14,1,3,5,1,1,2.38,3.5,2.9,2.4,3.4,2.8,2.45,3.4,2.88,2.42,3.6,2.97,2.4,3.4,2.88,2.44,3.72,2.97,2.5,3.72,3.01,2.42,3.54,2.9,2.54,3.6,3.0,1.67,2.2,1.7,2.26,1.73,2.33,1.68,2.22,1.73,2.34,-0.25,2.1,1.83,2.11,1.83,2.14,1.84,2.07,1.79,2.19,1.83,2.3,3.5,3.0,2.35,3.4,2.9,2.38,3.4,2.88,2.41,3.53,3.03,2.4,3.4,2.88,2.29,3.58,3.18,2.44,3.62,3.18,2.37,3.51,2.98,2.46,3.6,3.1,1.73,2.1,1.78,2.15,1.84,2.25,1.73,2.13,1.79,2.24,-0.25,2.08,1.85,2.09,1.85,2.11,1.88,2.03,1.83,2.13,1.88,2024/2025
28,D1,21/09/2024,14:30,Bochum,Holstein Kiel,2,2,D,2,1,H,14,13,3,4,20,9,2,5,4,1,0,0,1.91,3.5,4.0,1.98,3.7,3.5,1.95,3.7,3.9,1.99,3.8,3.7,1.95,3.7,3.7,2.02,3.9,3.78,2.02,3.9,4.0,1.98,3.73,3.68,2.02,3.8,4.0,1.62,2.3,1.61,2.42,1.65,2.45,1.61,2.36,1.66,2.42,-0.5,2.02,1.91,2.0,1.9,2.02,1.92,1.98,1.88,2.03,1.96,1.75,3.8,4.33,1.83,3.8,4.0,1.75,3.75,4.33,1.82,3.94,4.4,1.8,3.8,4.2,1.83,3.86,4.48,2.04,4.0,4.48,1.83,3.89,4.17,1.86,4.0,4.6,1.5,2.63,1.51,2.7,1.51,2.78,1.48,2.68,1.53,2.84,-0.5,1.75,2.05,1.82,2.1,2.02,2.12,1.84,2.01,1.86,2.14,2024/2025
29,D1,21/09/2024,14:30,Heidenheim,Freiburg,0,3,A,0,0,D,7,14,2,5,6,7,3,9,1,1,0,0,2.7,3.5,2.55,2.75,3.5,2.45,2.7,3.5,2.55,2.75,3.4,2.66,2.7,3.3,2.6,2.82,3.52,2.66,2.82,3.55,2.66,2.72,3.46,2.59,2.8,3.65,2.66,1.73,2.1,1.75,2.16,1.79,2.24,1.72,2.15,1.71,2.28,0.0,2.02,1.91,1.99,1.92,2.05,1.92,1.99,1.89,2.03,1.94,3.25,3.5,2.2,3.2,3.4,2.2,3.2,3.3,2.2,3.37,3.48,2.25,3.2,3.4,2.25,3.43,3.56,2.18,3.43,3.6,2.48,3.23,3.48,2.25,3.45,3.55,2.32,1.8,2.0,1.83,2.07,1.85,2.19,1.78,2.06,1.85,2.14,0.25,1.97,1.96,1.97,1.95,1.98,2.12,1.92,1.93,1.99,2.0,2024/2025
30,D1,21/09/2024,14:30,Union Berlin,Hoffenheim,2,1,H,2,0,H,12,6,2,3,17,18,5,5,3,3,0,0,2.0,3.6,3.7,2.05,3.6,3.4,2.0,3.6,3.7,2.04,3.72,3.65,2.05,3.6,3.4,2.07,3.88,3.66,2.12,3.88,3.8,2.03,3.68,3.58,2.1,3.7,3.85,1.73,2.1,1.75,2.17,1.79,2.2,1.74,2.13,1.78,2.2,-0.5,2.06,1.87,2.05,1.87,2.12,1.87,2.04,1.83,2.1,1.89,1.8,3.9,4.2,1.87,3.75,3.9,1.83,3.7,4.0,1.87,3.84,4.28,1.85,3.75,4.0,1.81,3.97,4.43,1.9,4.0,4.43,1.83,3.88,4.17,1.88,4.0,4.4,1.57,2.38,1.61,2.46,1.64,2.5,1.58,2.4,1.63,2.54,-0.5,1.78,2.03,1.88,2.05,1.88,2.14,1.84,2.03,1.89,2.11,2024/2025
31,D1,21/09/2024,14:30,Werder Bremen,Bayern Munich,0,5,A,0,2,A,0,25,0,7,4,13,1,4,0,3,0,0,8.0,5.5,1.36,7.25,5.5,1.36,8.0,5.5,1.33,7.92,5.6,1.36,8.5,5.8,1.3,7.8,5.77,1.4,8.5,5.9,1.4,7.74,5.57,1.36,8.6,6.2,1.37,1.36,3.2,1.39,3.11,1.4,3.3,1.36,3.11,1.4,3.4,1.5,1.94,1.99,1.93,1.97,1.97,2.0,1.91,1.95,1.94,2.01,8.5,5.75,1.33,8.25,6.0,1.31,9.0,6.0,1.25,9.26,6.08,1.32,11.0,6.0,1.25,9.3,5.98,1.32,11.0,6.3,1.34,9.06,6.0,1.3,10.0,6.8,1.32,1.36,3.2,1.35,3.34,1.38,3.4,1.34,3.27,1.38,3.55,1.75,1.86,2.07,1.85,2.08,1.89,2.09,1.85,2.01,1.9,2.08,2024/2025
32,D1,21/09/2024,17:30,Ein Frankfurt,M'gladbach,2,0,H,1,0,H,14,22,4,7,10,12,8,5,1,1,0,0,1.75,4.0,4.33,1.75,4.0,4.2,1.75,4.2,4.33,1.79,4.14,4.26,1.8,4.0,4.0,1.82,4.36,4.26,1.82,4.36,4.33,1.78,4.13,4.18,1.8,4.3,4.5,1.5,2.63,1.51,2.64,1.52,2.72,1.49,2.6,1.53,2.76,-0.75,2.02,1.91,2.0,1.9,2.02,1.92,1.96,1.88,2.0,1.96,1.73,4.1,4.33,1.75,4.1,4.1,1.67,3.9,4.2,1.77,4.29,4.3,1.73,4.0,4.33,1.8,4.45,4.26,1.8,4.45,4.43,1.76,4.23,4.22,1.79,4.3,4.7,1.44,2.75,1.45,2.89,1.46,2.99,1.42,2.84,1.46,3.1,-0.75,1.97,1.96,1.98,1.94,1.98,2.0,1.92,1.92,1.98,2.0,2024/2025
33,D1,22/09/2024,14:30,Leverkusen,Wolfsburg,4,3,H,2,3,A,20,8,7,4,6,14,6,2,4,5,0,1,1.3,5.75,8.0,1.31,5.75,9.0,1.29,6.0,10.5,1.31,5.91,9.23,1.3,5.5,9.5,1.34,6.02,9.65,1.34,6.2,10.5,1.3,5.83,9.28,1.32,6.4,10.5,1.44,2.75,1.47,2.77,1.5,2.79,1.46,2.69,1.51,2.86,-1.5,1.88,2.05,1.87,2.04,1.9,2.05,1.85,2.0,1.92,2.02,1.27,6.0,8.5,1.28,6.0,9.75,1.22,6.0,9.0,1.27,6.45,10.37,1.29,5.8,9.5,1.29,6.56,9.68,1.31,6.9,12.0,1.27,6.27,10.09,1.3,6.6,11.5,1.36,3.2,1.4,3.08,1.44,3.2,1.39,3.02,1.43,3.25,-1.75,2.0,1.93,1.97,1.93,2.02,2.03,1.94,1.92,2.03,1.94,2024/2025
34,D1,22/09/2024,16:30,Stuttgart,Dortmund,5,1,H,2,0,H,16,6,9,3,10,6,6,4,1,3,0,0,2.3,3.75,2.9,2.3,3.8,2.75,2.3,3.9,2.88,2.32,3.8,2.94,2.25,3.8,2.88,2.32,4.16,2.91,2.36,4.16,2.99,2.31,3.82,2.86,2.38,4.0,2.98,1.44,2.75,1.45,2.87,1.46,2.93,1.43,2.79,1.47,2.98,-0.25,2.06,1.87,2.04,1.87,2.06,1.87,1.99,1.84,2.08,1.9,2.25,3.75,3.0,2.3,3.7,2.85,2.2,3.6,2.88,2.32,3.81,2.99,2.25,3.7,2.9,2.35,3.8,2.92,2.37,3.87,3.02,2.3,3.77,2.92,2.36,3.9,3.1,1.44,2.75,1.47,2.81,1.47,3.0,1.44,2.8,1.48,3.0,-0.25,2.05,1.88,2.04,1.89,2.08,1.9,2.01,1.85,2.06,1.93,2024/2025
35,D1,22/09/2024,18:30,St Pauli,RB Leipzig,0,0,D,0,0,D,15,10,4,5,6,9,3,1,2,1,0,0,5.75,3.9,1.62,5.0,4.0,1.65,5.0,4.2,1.62,5.19,4.25,1.64,5.0,4.0,1.65,5.29,4.37,1.67,5.75,4.37,1.67,5.11,4.15,1.64,5.8,4.4,1.66,1.67,2.2,1.69,2.24,1.73,2.3,1.66,2.23,1.73,2.32,1.0,1.83,2.1,1.83,2.09,1.83,2.13,1.79,2.07,1.86,2.08,5.5,3.9,1.62,4.8,4.1,1.65,4.75,4.0,1.65,5.25,4.22,1.66,5.0,3.9,1.65,5.88,4.0,1.64,5.88,4.3,1.7,5.12,4.1,1.65,5.3,4.4,1.7,1.67,2.2,1.66,2.33,1.76,2.41,1.65,2.26,1.69,2.42,0.75,2.05,1.75,2.11,1.83,2.17,1.85,2.07,1.8,2.11,1.88,2024/2025
36,D1,27/09/2024,19:30,Dortmund,Bochum,4,2,H,1,2,A,23,10,8,6,12,9,11,0,2,0,0,0,1.25,7.0,9.0,1.24,6.75,10.5,1.22,7.0,11.0,1.24,7.21,11.22,1.25,6.5,11.0,1.26,7.32,11.4,1.26,7.32,11.4,1.24,6.99,10.74,1.27,7.4,12.0,1.29,3.75,1.32,3.43,1.32,3.75,1.29,3.57,1.32,4.0,-1.75,1.75,2.03,1.82,2.08,1.91,2.16,1.79,2.06,1.85,2.13,1.22,7.0,11.0,1.2,7.5,12.0,1.18,7.0,12.0,1.2,7.66,13.43,1.22,6.5,12.0,1.25,7.2,11.3,1.25,8.2,14.0,1.2,7.53,12.5,1.22,8.2,16.0,1.29,3.75,1.32,3.43,1.29,4.1,1.27,3.84,1.3,4.2,-2.0,1.89,2.01,1.89,2.01,1.95,2.06,1.89,1.97,1.9,2.09,2024/2025
37,D1,28/09/2024,14:30,Freiburg,St Pauli,0,3,A,0,2,A,6,10,2,4,7,18,4,2,3,3,0,0,1.62,4.0,5.5,1.63,3.9,5.25,1.62,4.0,5.5,1.62,4.15,5.59,1.62,3.9,5.5,1.66,4.27,5.56,1.69,4.27,5.7,1.63,4.08,5.44,1.67,4.2,6.0,1.84,2.06,1.81,2.06,1.87,2.09,1.82,2.03,1.83,2.12,-0.75,1.75,2.05,1.79,2.12,1.82,2.13,1.78,2.07,1.84,2.15,1.57,4.2,5.5,1.57,4.1,5.5,1.5,3.8,5.5,1.6,4.2,5.98,1.55,4.2,5.8,1.58,4.31,6.11,1.61,4.35,6.25,1.57,4.18,5.77,1.62,4.2,6.6,1.67,2.2,1.7,2.26,1.82,2.29,1.71,2.17,1.79,2.24,-1.0,2.01,1.92,2.0,1.92,2.01,1.95,1.96,1.9,2.04,1.95,2024/2025
38,D1,28/09/2024,14:30,Mainz,Heidenheim,0,2,A,0,1,A,7,14,2,7,10,10,7,6,4,4,1,1,1.83,3.75,4.2,1.82,3.7,4.2,1.85,3.8,4.2,1.86,3.82,4.21,1.83,3.75,4.2,1.89,4.01,4.22,1.89,4.01,4.3,1.85,3.8,4.2,1.9,3.95,4.5,1.73,2.1,1.74,2.16,1.79,2.2,1.74,2.13,1.78,2.22,-0.75,2.03,1.78,2.11,1.79,2.13,1.83,2.06,1.79,2.15,1.84,1.83,3.7,4.33,1.82,3.6,4.33,1.75,3.4,4.33,1.86,3.67,4.56,1.83,3.7,4.2,1.86,3.76,4.4,1.89,3.76,4.58,1.85,3.67,4.35,1.89,3.75,4.8,1.85,2.05,1.85,2.06,1.88,2.1,1.81,2.04,1.83,2.18,-0.5,1.87,2.06,1.87,2.07,1.91,2.09,1.86,2.02,1.89,2.11,2024/2025
39,D1,28/09/2024,14:30,M'gladbach,Union Berlin,1,0,H,0,0,D,8,9,3,3,10,12,2,4,3,1,0,0,2.1,3.5,3.4,2.1,3.5,3.4,2.15,3.4,3.4,2.13,3.54,3.54,2.1,3.5,3.4,2.14,3.79,3.52,2.2,3.79,3.64,2.12,3.54,3.47,2.22,3.65,3.6,1.8,2.0,1.81,2.07,1.85,2.1,1.8,2.05,1.86,2.12,-0.25,1.84,2.06,1.85,2.06,1.85,2.08,1.82,2.03,1.91,2.08,2.15,3.5,3.25,2.15,3.5,3.25,2.05,3.25,3.3,2.19,3.47,3.53,2.15,3.5,3.3,2.17,3.61,3.41,2.26,3.61,3.53,2.19,3.44,3.37,2.26,3.55,3.55,1.8,2.0,1.82,2.09,1.9,2.12,1.8,2.05,1.83,2.16,-0.25,1.89,2.04,1.89,2.04,1.95,2.04,1.88,1.97,1.94,2.04,2024/2025
40,D1,28/09/2024,14:30,RB Leipzig,Augsburg,4,0,H,2,0,H,14,7,7,1,9,13,8,5,1,2,0,0,1.4,5.25,6.5,1.4,5.25,6.75,1.4,5.0,7.0,1.4,5.4,7.14,1.44,5.0,6.0,1.48,5.55,6.22,1.48,5.55,7.5,1.42,5.22,6.88,1.45,5.5,7.6,1.44,2.75,1.45,2.84,1.47,2.9,1.43,2.8,1.48,2.94,-1.25,1.86,2.04,1.86,2.05,1.92,2.06,1.84,2.0,1.9,2.06,1.5,4.75,5.5,1.49,4.6,5.75,1.44,4.5,5.5,1.51,4.84,6.15,1.5,4.6,6.0,1.56,4.88,5.46,1.56,5.1,6.5,1.5,4.77,5.92,1.53,5.1,6.4,1.5,2.63,1.51,2.68,1.52,2.87,1.48,2.69,1.53,2.84,-1.0,1.78,2.03,1.83,2.11,1.88,2.16,1.8,2.08,1.84,2.17,2024/2025
41,D1,28/09/2024,14:30,Wolfsburg,Stuttgart,2,2,D,1,1,D,5,17,2,5,20,10,1,3,5,2,0,1,3.2,3.9,2.05,3.1,3.8,2.1,3.3,3.9,2.05,3.35,3.89,2.09,3.1,3.8,2.15,3.34,4.1,2.12,3.39,4.1,2.19,3.22,3.89,2.1,3.4,4.0,2.16,1.5,2.63,1.52,2.62,1.54,2.69,1.5,2.58,1.54,2.72,0.25,2.05,1.85,2.08,1.84,2.08,1.88,2.02,1.83,2.1,1.89,3.6,3.75,2.0,3.4,3.7,2.05,3.3,3.6,1.95,3.66,3.82,2.03,3.3,3.75,2.05,3.72,3.83,2.0,3.72,3.91,2.1,3.48,3.76,2.04,3.65,3.95,2.08,1.62,2.3,1.66,2.35,1.66,2.45,1.61,2.35,1.66,2.48,0.5,1.88,2.05,1.89,2.04,1.9,2.08,1.83,2.05,1.91,2.08,2024/2025
42,D1,28/09/2024,17:30,Bayern Munich,Leverkusen,1,1,D,1,1,D,18,3,3,3,11,15,6,1,1,3,0,0,1.73,4.33,4.2,1.72,4.33,4.1,1.73,4.33,4.33,1.74,4.34,4.36,1.7,4.33,4.2,1.71,4.79,4.53,1.75,4.79,4.53,1.73,4.41,4.22,1.77,4.6,4.5,1.3,3.5,1.35,3.33,1.34,3.6,1.31,3.42,1.34,3.65,-2.5,4.5,1.19,,,5.2,1.2,4.61,1.19,5.1,1.23,1.67,4.5,4.33,1.65,4.4,4.5,1.62,4.33,4.6,1.67,4.53,4.75,1.65,4.2,4.75,1.66,4.58,4.8,1.68,4.75,5.5,1.64,4.49,4.75,1.71,4.8,4.8,1.33,3.4,1.36,3.34,1.36,3.56,1.33,3.3,1.37,3.65,-1.0,2.03,1.78,2.08,1.85,2.12,1.98,2.0,1.86,2.11,1.88,2024/2025
43,D1,29/09/2024,14:30,Holstein Kiel,Ein Frankfurt,2,4,A,1,1,D,10,18,5,10,12,13,4,9,1,3,0,0,4.2,4.2,1.73,4.5,4.2,1.68,4.4,4.33,1.73,4.5,4.22,1.73,4.4,4.2,1.7,4.46,4.43,1.77,4.6,4.43,1.77,4.41,4.24,1.72,4.6,4.5,1.77,1.5,2.63,1.52,2.62,1.54,2.66,1.5,2.57,1.52,2.72,0.75,1.95,1.95,1.97,1.93,1.98,1.97,1.94,1.89,2.01,1.96,3.5,3.9,1.95,3.6,3.9,1.9,3.6,3.8,1.91,3.77,3.88,2.0,3.7,3.8,1.91,3.79,3.96,1.94,4.0,3.98,2.04,3.66,3.86,1.96,3.95,3.95,2.02,1.57,2.38,1.61,2.43,1.61,2.51,1.57,2.43,1.63,2.56,0.5,1.9,2.03,1.92,2.01,2.0,2.04,1.91,1.96,1.96,2.03,2024/2025
44,D1,29/09/2024,16:30,Hoffenheim,Werder Bremen,3,4,A,3,3,D,10,18,5,10,12,19,2,6,3,3,1,0,2.38,3.8,2.7,2.25,3.75,2.9,2.38,3.8,2.8,2.4,3.78,2.84,2.3,3.8,2.8,2.4,4.07,2.83,2.42,4.07,2.9,2.36,3.8,2.8,2.46,3.9,2.94,1.44,2.75,1.48,2.74,1.49,2.85,1.45,2.74,1.52,2.82,-0.25,2.05,1.75,2.11,1.82,2.11,1.83,2.04,1.8,2.14,1.86,2.25,3.8,2.9,2.25,3.7,2.95,2.15,3.5,2.88,2.29,3.78,3.07,2.25,3.75,2.88,2.3,3.87,2.96,2.37,3.87,3.1,2.28,3.73,2.95,2.34,3.75,3.2,1.5,2.63,1.53,2.64,1.54,2.75,1.5,2.6,1.56,2.76,-0.25,2.01,1.92,2.0,1.92,2.06,1.92,2.0,1.86,2.03,1.95,2024/2025
45,D1,04/10/2024,19:30,Augsburg,M'gladbach,2,1,H,1,0,H,13,11,5,5,13,15,6,5,2,4,0,0,2.38,3.7,2.7,2.37,3.7,2.7,2.4,3.7,2.8,2.46,3.78,2.81,2.4,3.7,2.7,2.5,4.02,2.73,2.5,4.02,2.85,2.43,3.75,2.75,2.5,3.85,2.9,1.5,2.63,1.53,2.63,1.54,2.69,1.5,2.59,1.54,2.78,0.0,1.82,2.08,1.84,2.1,1.9,2.13,1.83,2.06,1.85,2.15,2.4,3.6,2.75,2.37,3.7,2.75,2.3,3.6,2.75,2.45,3.7,2.86,2.3,3.6,2.9,2.55,3.69,2.71,2.55,3.8,2.93,2.41,3.7,2.8,2.48,3.85,2.94,1.57,2.38,1.6,2.47,1.6,2.57,1.55,2.47,1.61,2.6,0.0,1.81,2.09,1.82,2.13,1.88,2.16,1.82,2.09,1.84,2.17,2024/2025
46,D1,05/10/2024,14:30,Bochum,Wolfsburg,1,3,A,0,2,A,17,15,5,5,11,12,7,6,1,2,0,0,3.0,3.7,2.2,3.0,3.7,2.2,3.0,3.6,2.3,3.07,3.78,2.25,3.0,3.7,2.2,3.14,3.91,2.27,3.14,3.91,2.3,3.03,3.75,2.24,3.1,3.8,2.38,1.62,2.3,1.63,2.39,1.67,2.43,1.61,2.35,1.64,2.44,0.25,1.92,1.98,1.93,1.98,1.93,2.0,1.91,1.93,1.93,2.06,3.0,3.7,2.2,2.95,3.7,2.2,3.0,3.5,2.1,3.13,3.71,2.28,3.1,3.6,2.2,3.21,3.8,2.19,3.21,3.8,2.3,3.04,3.69,2.23,3.2,3.8,2.32,1.62,2.3,1.65,2.37,1.65,2.42,1.61,2.33,1.66,2.48,0.25,1.92,2.01,1.93,1.99,1.96,2.01,1.91,1.94,1.96,2.02,2024/2025
47,D1,05/10/2024,14:30,Leverkusen,Holstein Kiel,2,2,D,2,1,H,24,8,7,4,5,9,12,3,2,2,0,0,1.09,11.0,21.0,1.09,12.0,23.0,1.08,14.0,29.0,1.08,13.45,25.93,1.08,11.0,26.0,1.1,13.7,27.0,1.1,15.0,29.0,1.09,12.54,25.37,1.1,15.0,34.0,1.22,4.33,,,1.25,4.7,1.21,4.32,1.24,4.7,-2.75,1.92,1.98,1.93,1.94,1.95,2.0,1.9,1.93,1.96,1.99,1.08,12.0,21.0,1.09,12.5,23.0,1.06,11.0,23.0,1.09,11.97,31.01,1.07,12.0,26.0,1.09,13.7,24.0,1.11,14.0,34.0,1.09,12.08,26.95,1.11,13.0,38.0,1.2,4.5,,,1.22,5.1,1.19,4.65,1.22,5.4,-2.75,1.86,2.07,1.85,2.05,1.88,2.08,1.85,2.01,1.89,2.07,2024/2025
48,D1,05/10/2024,14:30,Union Berlin,Dortmund,2,1,H,2,0,H,13,9,5,5,15,17,3,3,4,4,0,0,3.3,3.5,2.15,3.3,3.4,2.15,3.4,3.5,2.1,3.43,3.52,2.18,3.4,3.4,2.15,3.44,3.79,2.17,3.5,3.79,2.22,3.37,3.53,2.16,3.55,3.6,2.22,1.73,2.1,1.79,2.1,1.85,2.13,1.77,2.07,1.84,2.14,0.25,2.02,1.88,2.02,1.89,2.05,1.91,1.99,1.85,2.06,1.91,3.6,3.6,2.0,3.6,3.5,2.0,3.7,3.3,1.95,3.77,3.6,2.06,3.7,3.6,2.0,3.86,3.69,2.0,3.87,3.69,2.07,3.71,3.57,2.02,4.0,3.75,2.06,1.73,2.1,1.81,2.1,1.84,2.2,1.78,2.08,1.84,2.16,0.5,1.86,2.07,1.86,2.07,1.9,2.07,1.85,2.03,1.93,2.06,2024/2025
49,D1,05/10/2024,14:30,Werder Bremen,Freiburg,0,1,A,0,0,D,11,13,3,3,7,9,7,5,1,2,0,0,2.6,3.5,2.6,2.6,3.5,2.55,2.63,3.6,2.6,2.67,3.61,2.62,2.6,3.6,2.6,2.69,3.81,2.63,2.7,3.81,2.66,2.61,3.63,2.61,2.76,3.75,2.66,1.67,2.2,1.68,2.27,1.72,2.33,1.67,2.24,1.71,2.32,0.0,1.95,1.95,1.97,1.93,2.0,1.96,1.95,1.93,2.03,1.95,2.63,3.4,2.6,2.65,3.4,2.55,2.6,3.3,2.45,2.75,3.46,2.67,2.62,3.6,2.5,2.8,3.5,2.58,2.8,3.63,2.72,2.69,3.5,2.59,2.82,3.65,2.68,1.73,2.1,1.79,2.13,1.79,2.29,1.72,2.16,1.81,2.2,0.0,1.99,1.94,1.99,1.93,2.01,1.97,1.97,1.92,2.04,1.96,2024/2025
50,D1,05/10/2024,17:30,St Pauli,Mainz,0,3,A,0,2,A,17,8,4,4,12,16,2,2,0,3,0,0,2.4,3.3,2.9,2.4,3.4,2.85,2.4,3.4,3.0,2.46,3.42,2.99,2.45,3.3,2.9,2.47,3.66,2.97,2.5,3.66,3.02,2.44,3.42,2.93,2.54,3.45,3.15,1.88,2.02,1.89,2.0,1.93,2.06,1.87,1.97,1.9,2.06,-0.25,2.09,1.81,2.13,1.8,2.13,1.81,2.08,1.78,2.17,1.84,2.15,3.3,3.5,2.15,3.3,3.3,2.15,3.3,3.4,2.17,3.38,3.68,2.15,3.5,3.3,2.2,3.38,3.58,2.26,3.6,3.68,2.18,3.42,3.44,2.24,3.45,3.7,2.0,1.9,2.01,1.9,2.04,2.07,1.88,1.94,2.06,1.93,-0.25,1.88,2.05,1.87,2.06,1.92,2.06,1.86,2.0,1.93,2.04,2024/2025
51,D1,06/10/2024,14:30,Heidenheim,RB Leipzig,0,1,A,0,0,D,15,12,4,2,12,13,3,2,2,2,0,0,4.5,4.33,1.67,4.6,4.2,1.66,4.6,4.2,1.7,4.77,4.18,1.7,4.6,4.2,1.67,4.64,4.38,1.75,4.9,4.5,1.75,4.64,4.23,1.69,4.8,4.5,1.74,1.57,2.38,1.6,2.45,1.61,2.55,1.57,2.42,1.63,2.52,0.75,2.01,1.89,2.01,1.9,2.02,1.9,1.98,1.86,2.04,1.92,4.75,4.0,1.67,4.5,4.0,1.71,4.5,3.75,1.65,5.18,4.04,1.69,4.6,4.0,1.7,5.32,4.08,1.68,5.32,4.2,1.77,4.78,4.05,1.7,5.3,4.1,1.74,1.67,2.2,1.65,2.32,1.67,2.41,1.62,2.33,1.69,2.42,0.75,2.04,1.89,2.04,1.88,2.04,1.96,1.98,1.88,2.05,1.94,2024/2025
52,D1,06/10/2024,16:30,Ein Frankfurt,Bayern Munich,3,3,D,2,2,D,5,22,4,13,10,6,0,11,1,1,0,0,5.5,4.5,1.53,5.25,4.75,1.52,5.5,4.75,1.5,5.72,4.85,1.52,5.5,4.75,1.5,5.5,5.04,1.57,5.9,5.04,1.57,5.51,4.85,1.52,5.8,5.0,1.57,1.36,3.2,1.37,3.21,1.38,3.27,1.35,3.13,1.4,3.3,1.0,2.07,1.83,2.08,1.84,2.09,1.87,2.04,1.81,2.08,1.89,5.75,4.5,1.5,5.25,4.6,1.53,5.0,4.33,1.47,5.64,4.79,1.55,5.5,4.5,1.53,5.87,4.61,1.55,6.01,4.9,1.55,5.61,4.71,1.53,6.2,4.9,1.57,1.4,3.0,1.41,3.05,1.42,3.2,1.39,3.05,1.44,3.25,1.0,2.03,1.78,2.05,1.88,2.12,1.88,2.05,1.83,2.1,1.89,2024/2025
53,D1,06/10/2024,18:30,Stuttgart,Hoffenheim,1,1,D,0,1,A,18,7,7,5,10,7,10,5,1,4,0,0,1.3,6.0,8.0,1.31,6.25,7.75,1.3,6.0,8.5,1.3,6.4,8.25,1.3,6.0,8.5,1.35,6.47,8.25,1.35,6.7,8.7,1.31,6.32,8.07,1.34,6.6,9.4,1.25,4.0,,,1.26,4.4,1.23,4.05,1.27,4.4,-1.75,2.0,1.9,1.99,1.9,2.02,1.91,1.96,1.87,1.99,1.92,1.33,5.75,8.0,1.32,6.0,7.5,1.33,5.5,7.5,1.32,6.3,8.55,1.3,5.8,8.5,1.37,5.85,7.83,1.37,6.45,8.55,1.33,6.05,7.9,1.35,6.6,8.8,1.29,3.75,,,1.3,4.25,1.27,3.83,1.3,4.2,-1.5,1.87,2.06,1.86,2.05,1.89,2.14,1.84,2.03,1.84,2.12,2024/2025
54,D1,18/10/2024,19:30,Dortmund,St Pauli,2,1,H,1,0,H,20,10,7,3,8,7,7,1,2,1,0,0,1.3,5.25,9.5,1.31,5.5,9.25,1.3,5.5,10.5,1.31,5.95,10.18,1.3,5.5,10.0,1.34,6.02,9.6,1.36,6.02,11.0,1.31,5.72,9.79,1.33,6.0,11.0,1.5,2.63,1.5,2.68,1.52,2.72,1.49,2.61,1.55,2.78,-1.5,1.87,2.03,1.9,2.03,1.93,2.06,1.87,2.0,1.91,2.04,1.29,5.5,11.0,1.3,5.75,9.5,1.25,5.5,10.0,1.3,5.85,10.67,1.29,5.5,11.0,1.3,5.6,11.7,1.32,6.2,11.7,1.3,5.76,10.31,1.32,6.2,11.5,1.53,2.5,1.57,2.52,1.57,2.71,1.52,2.56,1.57,2.72,-1.5,1.9,2.0,1.91,2.01,1.91,2.11,1.86,2.0,1.91,2.06,2024/2025
55,D1,19/10/2024,14:30,Freiburg,Augsburg,3,1,H,3,0,H,15,9,6,3,11,7,5,4,1,1,0,0,1.73,3.75,4.75,1.71,3.9,4.5,1.73,3.8,5.0,1.74,3.87,4.93,1.7,3.9,4.75,1.77,4.11,4.83,1.77,4.11,5.0,1.74,3.91,4.75,1.78,4.0,5.3,1.73,2.1,1.72,2.21,1.76,2.28,1.7,2.18,1.73,2.28,-0.75,1.89,1.89,1.95,1.95,1.97,1.97,1.92,1.91,1.98,1.99,1.62,3.9,5.25,1.68,3.9,5.0,1.62,3.9,5.0,1.69,4.01,5.3,1.65,4.0,5.0,1.66,4.11,5.4,1.72,4.2,5.56,1.66,4.02,5.2,1.68,4.2,5.8,1.67,2.2,1.68,2.29,1.7,2.36,1.65,2.23,1.69,2.42,-0.75,1.86,2.07,1.88,2.05,1.88,2.16,1.82,2.04,1.84,2.15,2024/2025
56,D1,19/10/2024,14:30,Hoffenheim,Bochum,3,1,H,1,0,H,12,13,7,4,10,12,4,2,1,1,0,0,1.7,4.5,4.2,1.68,4.33,4.33,1.67,4.33,4.5,1.7,4.47,4.45,1.7,4.2,4.33,1.74,4.58,4.52,1.74,4.6,4.52,1.7,4.44,4.38,1.73,4.6,4.7,1.4,3.0,1.39,3.11,1.43,3.11,1.4,2.96,1.42,3.2,-0.75,1.82,1.96,1.88,2.03,1.89,2.03,1.85,1.99,1.89,2.08,1.48,5.25,5.25,1.49,4.8,5.5,1.5,4.5,5.5,1.52,4.94,5.89,1.55,4.6,5.0,1.52,5.38,5.38,1.6,5.38,6.0,1.52,4.91,5.41,1.56,5.1,6.0,1.3,3.5,1.36,3.34,1.36,3.53,1.32,3.37,1.36,3.7,-1.0,1.7,2.1,1.78,2.16,2.0,2.23,1.79,2.09,1.83,2.16,2024/2025
57,D1,19/10/2024,14:30,Leverkusen,Ein Frankfurt,2,1,H,1,1,D,27,9,9,2,9,5,8,3,2,1,0,0,1.44,4.75,6.5,1.44,5.0,6.0,1.4,5.0,6.5,1.45,5.18,6.35,1.44,4.8,6.5,1.49,5.3,6.38,1.49,5.3,6.5,1.45,5.04,6.32,1.47,5.4,7.0,1.4,3.0,1.38,3.17,1.41,3.17,1.38,3.06,1.41,3.25,-1.25,1.95,1.95,1.94,1.96,1.96,1.96,1.91,1.92,1.95,2.02,1.44,4.5,6.5,1.47,4.8,6.0,1.44,4.6,6.5,1.47,4.95,6.59,1.5,4.6,6.0,1.51,4.66,6.48,1.53,5.0,6.59,1.48,4.81,6.23,1.5,5.1,7.2,1.44,2.75,1.45,2.87,1.45,3.01,1.42,2.87,1.46,3.1,-1.25,2.0,1.93,2.01,1.92,2.04,1.95,1.99,1.87,2.03,1.95,2024/2025
58,D1,19/10/2024,14:30,Mainz,RB Leipzig,0,2,A,0,2,A,16,11,2,5,12,15,5,3,1,3,0,0,3.9,3.8,1.85,3.9,3.75,1.87,4.1,3.8,1.87,4.27,3.71,1.88,4.0,3.8,1.83,4.17,4.1,1.88,4.3,4.1,1.91,4.04,3.83,1.88,4.3,4.0,1.93,1.67,2.2,1.68,2.27,1.72,2.31,1.66,2.26,1.68,2.4,0.5,1.96,1.82,2.02,1.88,2.02,1.91,1.98,1.87,2.07,1.93,3.8,3.9,1.83,3.75,3.8,1.88,4.0,3.7,1.83,4.09,3.96,1.88,3.9,3.9,1.83,4.07,4.03,1.86,4.22,4.03,1.92,3.97,3.9,1.88,4.3,3.9,1.93,1.53,2.5,1.56,2.56,1.67,2.58,1.57,2.45,1.62,2.58,0.5,2.04,1.89,2.04,1.88,2.06,1.92,1.99,1.89,2.04,1.94,2024/2025
59,D1,19/10/2024,14:30,M'gladbach,Heidenheim,3,2,H,1,1,D,20,19,10,6,15,9,6,3,3,3,0,0,1.85,3.7,4.1,1.85,3.8,3.9,1.87,3.8,4.2,1.83,3.77,4.44,1.85,3.6,4.2,1.9,3.86,4.38,1.9,4.0,4.5,1.85,3.8,4.21,1.92,3.95,4.4,1.62,2.3,1.65,2.33,1.72,2.36,1.64,2.29,1.68,2.34,-0.5,1.86,2.04,1.83,2.07,1.89,2.07,1.85,2.02,1.92,2.08,1.9,3.7,3.8,1.88,3.75,3.8,1.9,3.6,3.9,1.91,3.79,4.11,1.91,3.6,3.9,1.92,3.8,4.05,1.98,3.83,4.11,1.92,3.74,3.92,1.97,3.85,4.2,1.62,2.3,1.64,2.4,1.65,2.42,1.61,2.35,1.67,2.46,-0.5,1.93,2.0,1.93,2.0,1.98,2.0,1.93,1.95,1.97,2.02,2024/2025
60,D1,19/10/2024,17:30,Bayern Munich,Stuttgart,4,0,H,0,0,D,22,4,10,1,6,10,7,3,0,2,0,0,1.36,5.25,7.5,1.34,5.75,7.5,1.33,5.5,8.0,1.36,5.88,7.55,1.35,5.5,7.5,1.39,6.01,7.85,1.39,6.01,8.0,1.35,5.77,7.7,1.36,6.4,8.8,1.3,3.5,1.33,3.48,1.34,3.6,1.31,3.42,1.33,3.8,-1.5,1.91,1.99,1.93,1.98,1.93,2.01,1.9,1.96,1.95,2.02,1.33,5.5,8.0,1.29,6.25,8.75,1.25,5.5,9.0,1.3,6.28,9.55,1.29,6.0,9.0,1.31,6.28,9.29,1.33,6.5,10.48,1.29,6.15,9.04,1.33,6.6,10.0,1.29,3.75,1.33,3.48,1.29,4.24,1.26,3.86,1.3,4.2,-1.75,1.98,1.95,1.96,1.94,1.98,2.05,1.9,1.95,1.94,2.01,2024/2025
61,D1,20/10/2024,14:30,Holstein Kiel,Union Berlin,0,2,A,0,1,A,12,14,5,4,8,11,7,3,2,1,0,0,3.5,3.3,2.15,3.4,3.4,2.15,3.4,3.3,2.15,3.48,3.43,2.2,3.4,3.4,2.15,3.5,3.63,2.2,3.5,3.63,2.21,3.44,3.42,2.16,3.6,3.55,2.24,2.0,1.9,1.98,1.91,2.02,1.94,1.96,1.87,1.95,1.92,0.25,2.01,1.89,2.01,1.9,2.02,1.91,1.98,1.85,2.05,1.92,3.6,3.5,2.0,3.6,3.4,2.05,3.7,3.3,2.0,3.83,3.51,2.07,3.75,3.4,2.0,3.73,3.6,2.06,3.95,3.6,2.1,3.71,3.47,2.05,3.9,3.6,2.12,1.85,2.05,1.86,2.05,1.9,2.1,1.83,2.0,1.91,2.08,0.5,1.84,2.06,1.85,2.08,1.89,2.1,1.82,2.06,1.87,2.14,2024/2025
62,D1,20/10/2024,16:30,Wolfsburg,Werder Bremen,2,4,A,1,1,D,14,15,6,7,15,9,4,4,1,1,1,0,2.1,3.6,3.3,2.05,3.7,3.3,2.05,3.6,3.5,2.09,3.66,3.55,2.05,3.6,3.4,2.1,3.87,3.56,2.1,3.87,3.57,2.07,3.66,3.44,2.16,3.75,3.65,1.73,2.1,1.71,2.22,1.76,2.25,1.7,2.18,1.71,2.24,-0.5,2.05,1.75,2.1,1.83,2.11,1.83,2.07,1.8,2.16,1.84,1.92,3.75,3.6,2.0,3.7,3.5,2.0,3.5,3.6,2.02,3.79,3.67,2.0,3.6,3.7,2.05,3.85,3.75,2.05,3.85,3.75,2.01,3.74,3.59,2.08,3.75,3.85,1.57,2.38,1.63,2.47,1.65,2.56,1.59,2.39,1.63,2.56,-0.5,2.02,1.88,2.03,1.9,2.05,1.9,2.01,1.86,2.08,1.9,2024/2025
63,D1,25/10/2024,19:30,Mainz,M'gladbach,1,1,D,0,0,D,23,9,6,5,16,16,2,4,3,2,0,0,2.3,3.75,2.8,2.3,3.7,2.85,2.3,3.75,2.88,2.39,3.79,2.89,2.3,3.7,2.88,2.4,3.93,2.9,2.4,3.93,2.93,2.35,3.76,2.86,2.42,3.85,2.98,1.57,2.38,1.6,2.48,1.6,2.53,1.56,2.43,1.61,2.6,-0.25,2.09,1.84,2.1,1.84,2.11,1.85,2.03,1.82,2.1,1.87,2.25,3.75,2.88,2.25,3.7,2.9,2.15,3.5,2.88,2.32,3.76,3.02,2.2,3.7,3.0,2.33,3.92,2.89,2.38,3.92,3.23,2.26,3.74,2.98,2.36,3.85,3.1,1.57,2.38,1.63,2.42,1.63,2.55,1.57,2.43,1.64,2.52,-0.25,2.06,1.87,2.03,1.89,2.07,1.97,1.98,1.88,2.06,1.93,2024/2025
64,D1,26/10/2024,14:30,Augsburg,Dortmund,2,1,H,1,1,D,12,11,4,4,13,10,3,5,3,3,0,1,3.6,4.0,1.9,3.6,3.9,1.9,3.75,3.9,1.91,3.83,3.92,1.93,3.6,3.9,1.91,3.79,4.17,1.96,3.96,4.17,1.96,3.73,3.96,1.91,3.95,4.1,1.97,1.5,2.63,1.55,2.58,1.55,2.63,1.52,2.55,1.54,2.72,0.5,1.99,1.91,1.97,1.93,2.0,1.93,1.95,1.91,2.01,1.97,4.0,4.0,1.8,3.9,4.0,1.8,4.1,3.9,1.75,4.15,4.15,1.83,4.0,4.0,1.8,4.29,4.1,1.81,4.3,4.2,1.88,4.05,4.08,1.82,4.3,4.2,1.86,1.5,2.63,1.5,2.7,1.52,2.76,1.48,2.69,1.53,2.86,0.75,1.87,2.06,1.88,2.05,1.9,2.07,1.85,2.01,1.9,2.08,2024/2025
65,D1,26/10/2024,14:30,RB Leipzig,Freiburg,3,1,H,0,1,A,12,15,9,5,9,7,3,3,3,2,0,0,1.73,4.1,4.5,1.7,4.1,4.5,1.73,4.0,4.5,1.75,4.11,4.55,1.73,4.0,4.5,1.77,4.22,4.68,1.77,4.3,4.9,1.73,4.12,4.52,1.78,4.3,4.8,1.67,2.2,1.68,2.26,1.72,2.32,1.67,2.24,1.68,2.3,-0.75,1.95,1.95,1.95,1.95,1.98,1.97,1.9,1.93,1.99,1.98,1.8,4.0,4.0,1.77,3.9,4.2,1.75,3.75,4.33,1.83,3.93,4.39,1.83,3.8,4.0,1.81,4.1,4.27,1.84,4.1,4.39,1.8,3.94,4.19,1.84,4.0,4.7,1.67,2.2,1.69,2.26,1.72,2.33,1.65,2.25,1.72,2.34,-0.75,2.08,1.85,2.07,1.86,2.08,1.88,2.02,1.84,2.07,1.9,2024/2025
66,D1,26/10/2024,14:30,St Pauli,Wolfsburg,0,0,D,0,0,D,14,10,5,4,9,12,7,6,0,3,0,0,2.55,3.5,2.63,2.55,3.4,2.65,2.63,3.4,2.63,2.66,3.47,2.71,2.6,3.3,2.7,2.74,3.48,2.76,2.74,3.59,2.76,2.61,3.46,2.68,2.72,3.6,2.78,1.78,2.0,1.86,2.03,1.89,2.06,1.83,2.01,1.87,2.06,0.0,1.92,1.98,1.93,1.97,1.97,1.99,1.91,1.96,1.97,2.0,2.45,3.5,2.75,2.5,3.4,2.75,2.5,3.25,2.75,2.61,3.45,2.82,2.6,3.3,2.75,2.59,3.59,2.73,2.61,3.59,2.91,2.54,3.42,2.8,2.7,3.45,2.94,1.93,1.97,1.89,2.01,1.96,2.01,1.88,1.96,1.96,2.02,0.0,1.83,2.1,1.88,2.04,1.88,2.12,1.84,2.05,1.91,2.08,2024/2025
67,D1,26/10/2024,14:30,Stuttgart,Holstein Kiel,2,1,H,1,0,H,16,9,6,3,6,17,9,5,3,6,1,1,1.22,7.5,9.5,1.24,6.75,10.5,1.22,7.0,11.0,1.23,7.21,11.08,1.22,7.0,10.0,1.28,7.45,10.3,1.28,7.7,12.0,1.23,7.14,10.95,1.26,7.8,12.5,1.3,3.5,1.34,3.36,1.33,3.67,1.3,3.48,1.34,3.8,-2.0,2.02,1.88,2.01,1.88,2.05,1.94,1.99,1.86,2.01,1.89,1.2,7.5,9.5,1.21,7.25,12.0,1.17,7.5,12.0,1.2,7.69,13.72,1.2,7.0,12.0,1.23,8.47,10.4,1.27,8.47,13.72,1.21,7.47,11.93,1.23,8.2,14.0,1.29,3.75,1.34,3.36,1.32,3.93,1.28,3.7,1.32,4.0,-2.0,1.88,2.05,1.88,2.02,2.01,2.08,1.91,1.95,1.93,2.03,2024/2025
68,D1,26/10/2024,17:30,Werder Bremen,Leverkusen,2,2,D,0,1,A,13,15,8,6,9,11,3,5,1,1,0,0,5.25,5.0,1.5,5.5,4.8,1.5,5.5,5.0,1.5,5.84,4.9,1.51,5.8,4.6,1.5,5.91,5.04,1.54,6.0,5.1,1.55,5.64,4.9,1.51,6.0,5.2,1.55,1.4,3.0,1.42,2.97,1.44,3.02,1.4,2.92,1.43,3.1,1.25,1.84,2.06,1.85,2.07,1.85,2.08,1.82,2.02,1.86,2.1,5.75,5.25,1.44,6.25,5.0,1.43,6.5,4.75,1.4,6.48,5.2,1.46,6.5,4.8,1.44,6.4,5.4,1.45,6.5,5.4,1.49,6.31,5.13,1.45,7.4,5.3,1.47,1.4,3.0,1.44,2.94,1.46,3.15,1.41,2.97,1.45,3.2,1.25,1.99,1.94,1.96,1.96,2.04,2.0,1.94,1.92,2.05,1.93,2024/2025
69,D1,27/10/2024,14:30,Bochum,Bayern Munich,0,5,A,0,2,A,6,17,2,9,15,6,2,5,1,1,0,0,12.0,9.5,1.17,15.0,9.0,1.15,15.0,9.5,1.15,14.33,9.86,1.15,15.0,8.5,1.14,17,9.7,1.17,17.0,10.0,1.17,14.44,9.35,1.15,17.0,10.0,1.18,1.22,4.33,1.32,3.24,1.26,4.35,1.23,4.08,1.26,4.5,2.25,2.04,1.86,2.02,1.88,2.06,1.89,1.99,1.84,2.03,1.86,11.0,9.5,1.17,14.5,9.0,1.16,21.0,9.5,1.11,17.88,9.51,1.13,15.0,8.5,1.15,12.1,10.0,1.18,21.0,10.0,1.18,15.78,9.43,1.15,26.0,11.0,1.14,1.2,4.5,1.32,3.24,1.23,4.9,1.2,4.49,1.24,5.0,2.5,1.8,2.0,1.86,2.05,1.91,2.08,1.86,2.0,1.9,2.08,2024/2025
70,D1,27/10/2024,16:30,Union Berlin,Ein Frankfurt,1,1,D,0,1,A,13,17,4,5,13,7,4,5,5,3,0,1,2.55,3.3,2.75,2.55,3.4,2.7,2.6,3.3,2.8,2.63,3.32,2.84,2.6,3.4,2.7,2.64,3.6,2.79,2.64,3.6,2.84,2.58,3.37,2.76,2.7,3.45,2.9,1.95,1.95,1.95,1.93,1.97,1.98,1.9,1.9,1.95,1.94,0.0,1.87,2.03,1.88,2.03,1.92,2.05,1.87,2.0,1.92,2.06,2.45,3.3,2.87,2.4,3.3,3.0,2.38,3.1,2.9,2.55,3.22,3.08,2.5,3.2,2.9,2.52,3.39,2.95,2.58,3.4,3.12,2.49,3.27,2.98,2.54,3.35,3.2,1.92,1.86,1.98,1.93,2.0,1.97,1.93,1.88,2.04,1.95,0.0,1.82,2.08,1.79,2.17,1.83,2.2,1.79,2.11,1.79,2.25,2024/2025
71,D1,27/10/2024,18:30,Heidenheim,Hoffenheim,0,0,D,0,0,D,17,12,3,4,12,16,7,3,1,2,0,0,2.25,3.5,3.1,2.2,3.7,2.95,2.25,3.6,3.0,2.32,3.68,3.03,2.3,3.5,3.0,2.41,3.56,3.13,2.41,3.8,3.13,2.29,3.65,2.98,2.34,3.75,3.15,1.53,2.5,1.56,2.56,1.56,2.63,1.53,2.52,1.59,2.6,-0.25,2.02,1.88,2.02,1.88,2.04,1.92,1.98,1.85,2.03,1.93,2.75,3.4,2.55,2.7,3.4,2.55,2.63,3.4,2.55,2.88,3.38,2.6,2.62,3.4,2.6,2.9,3.46,2.52,2.9,3.62,2.82,2.7,3.47,2.61,2.86,3.6,2.68,1.73,2.1,1.8,2.11,1.8,2.45,1.66,2.26,1.76,2.3,0.0,2.05,1.85,2.07,1.86,2.07,1.95,2.0,1.88,2.06,1.93,2024/2025
72,D1,01/11/2024,19:30,Leverkusen,Stuttgart,0,0,D,0,0,D,19,4,5,1,13,14,10,2,3,4,0,0,1.55,4.75,5.25,1.55,4.6,5.0,1.57,4.6,5.0,1.57,4.87,5.29,1.57,4.6,5.0,1.61,4.94,5.25,1.61,5.0,5.5,1.56,4.8,5.16,1.6,5.0,5.6,1.36,3.2,1.38,3.22,1.39,3.27,1.36,3.15,1.38,3.55,-1.0,1.88,2.02,1.89,2.03,1.9,2.04,1.86,2.0,1.9,2.05,1.62,4.5,4.75,1.6,4.5,4.8,1.5,4.6,5.0,1.63,4.55,5.05,1.62,4.4,4.75,1.63,4.59,5.05,1.64,4.8,5.5,1.6,4.59,4.95,1.64,4.6,5.6,1.4,3.0,1.41,3.06,1.41,3.3,1.38,3.06,1.44,3.2,-1.0,2.02,1.88,2.02,1.9,2.04,2.0,1.96,1.9,2.04,1.93,2024/2025
73,D1,02/11/2024,14:30,Bayern Munich,Union Berlin,3,0,H,2,0,H,16,8,7,1,2,9,7,4,0,2,0,0,1.18,7.5,13.0,1.18,7.75,14.0,1.15,8.0,16.0,1.17,8.24,15.58,1.17,7.5,15.0,1.19,8.45,17.0,1.2,8.7,17.0,1.17,7.97,15.38,1.2,8.8,18.0,1.44,2.75,1.44,2.85,1.47,3.05,1.42,2.84,1.45,3.05,-2.0,1.87,2.03,1.86,2.03,1.9,2.04,1.86,2.0,1.88,2.09,1.14,9.0,15.0,1.14,9.0,19.0,1.13,8.0,19.0,1.15,8.88,19.22,1.14,8.0,17.0,1.15,9.59,16.6,1.18,9.59,21.59,1.15,8.62,17.76,1.17,9.2,24.0,1.36,3.2,1.38,3.16,1.43,3.35,1.37,3.13,1.41,3.35,-2.25,1.9,2.03,2.0,1.9,2.06,2.06,1.94,1.91,2.01,1.96,2024/2025
74,D1,02/11/2024,14:30,Ein Frankfurt,Bochum,7,2,H,4,1,H,18,11,9,8,6,15,5,2,1,2,0,0,1.33,5.75,7.5,1.32,6.0,8.0,1.3,5.5,8.5,1.34,6.0,7.96,1.33,5.5,8.0,1.36,6.03,8.6,1.37,6.2,8.6,1.33,5.88,8.06,1.35,6.2,9.2,1.36,3.2,1.39,3.12,1.42,3.2,1.38,3.05,1.4,3.25,-1.5,1.9,2.0,1.91,2.0,1.93,2.01,1.89,1.97,1.87,2.03,1.45,5.25,5.5,1.47,4.8,6.0,1.44,4.75,6.5,1.46,4.95,6.59,1.44,4.8,6.5,1.48,5.41,5.87,1.51,5.8,7.7,1.45,5.06,6.33,1.49,5.1,7.2,1.4,3.0,1.41,3.01,1.45,3.17,1.4,2.99,1.45,3.15,-1.25,1.99,1.94,2.01,1.94,2.01,2.16,1.93,1.93,2.02,1.96,2024/2025
75,D1,02/11/2024,14:30,Hoffenheim,St Pauli,0,2,A,0,1,A,12,7,6,3,10,10,7,2,0,2,0,0,1.83,3.8,4.0,1.87,3.9,3.75,1.87,3.9,4.0,1.88,3.9,4.02,1.91,3.8,3.8,1.93,4.1,3.97,1.93,4.1,4.1,1.88,3.91,3.9,1.94,4.0,4.2,1.62,2.3,1.65,2.34,1.67,2.39,1.62,2.34,1.66,2.38,-0.5,1.9,2.0,1.89,2.01,1.91,2.01,1.88,1.98,1.94,2.05,1.9,3.7,3.9,1.93,3.7,3.7,1.87,3.7,3.9,1.89,3.86,4.12,1.91,3.7,3.8,1.91,3.78,4.13,1.98,4.0,4.13,1.91,3.79,3.91,1.95,3.95,4.2,1.67,2.2,1.69,2.29,1.72,2.47,1.67,2.25,1.74,2.32,-0.5,1.91,2.02,1.9,2.02,1.97,2.04,1.91,1.96,1.95,2.04,2024/2025
76,D1,02/11/2024,14:30,Holstein Kiel,Heidenheim,1,0,H,1,0,H,11,17,6,4,16,14,5,6,4,5,0,0,2.7,3.5,2.45,2.75,3.5,2.45,2.8,3.4,2.5,2.82,3.52,2.54,2.8,3.4,2.45,2.88,3.62,2.55,2.88,3.62,2.6,2.79,3.49,2.51,2.86,3.6,2.62,1.73,2.1,1.77,2.13,1.81,2.16,1.76,2.11,1.79,2.16,0.0,2.04,1.86,2.02,1.89,2.09,1.89,2.04,1.84,2.09,1.9,2.38,3.5,2.88,2.45,3.4,2.8,2.5,3.3,2.8,2.5,3.39,3.0,2.4,3.4,2.9,2.54,3.6,2.78,2.55,3.6,3.0,2.49,3.44,2.85,2.6,3.5,3.0,1.92,1.98,1.93,1.98,1.95,2.05,1.88,1.95,1.97,2.0,0.0,1.73,2.08,1.79,2.15,1.85,2.16,1.8,2.08,1.86,2.14,2024/2025
77,D1,02/11/2024,14:30,Wolfsburg,Augsburg,1,1,D,0,1,A,18,3,6,1,7,14,8,1,1,3,0,0,2.0,3.75,3.5,1.98,3.75,3.5,2.0,3.8,3.6,2.01,3.86,3.59,2.0,3.7,3.5,2.05,3.98,3.63,2.05,4.0,3.65,2.01,3.83,3.53,2.06,4.0,3.7,1.62,2.3,1.65,2.35,1.68,2.38,1.64,2.31,1.66,2.44,-0.5,2.03,1.87,2.02,1.88,2.04,1.89,2.0,1.86,2.06,1.92,2.05,3.6,3.4,2.1,3.5,3.4,2.0,3.5,3.5,2.1,3.59,3.67,2.05,3.6,3.4,2.03,3.71,3.74,2.15,3.81,3.74,2.08,3.59,3.52,2.12,3.7,3.8,1.8,2.0,1.81,2.1,1.83,2.41,1.76,2.1,1.83,2.18,-0.25,1.84,2.09,1.81,2.11,1.85,2.16,1.79,2.08,1.83,2.17,2024/2025
78,D1,02/11/2024,17:30,Dortmund,RB Leipzig,2,1,H,1,1,D,19,7,7,3,11,12,4,0,3,4,0,0,2.2,3.8,3.0,2.2,3.8,2.9,2.2,3.8,3.0,2.25,3.69,3.15,2.25,3.7,3.0,2.28,3.93,3.11,2.3,3.93,3.18,2.25,3.77,3.03,2.32,3.95,3.1,1.5,2.63,1.5,2.68,1.5,2.79,1.47,2.68,1.51,2.8,-0.25,1.99,1.91,2.0,1.91,2.0,1.93,1.95,1.89,2.02,1.94,2.15,3.8,3.1,2.15,3.75,3.1,2.1,3.7,3.1,2.19,3.84,3.21,2.15,3.7,3.1,2.26,3.87,3.03,2.26,3.99,3.27,2.18,3.82,3.1,2.24,3.9,3.3,1.44,2.75,1.48,2.79,1.48,2.9,1.46,2.77,1.5,2.98,-0.25,1.95,1.98,1.93,2.0,2.0,2.06,1.9,1.96,1.95,2.03,2024/2025
79,D1,03/11/2024,14:30,Freiburg,Mainz,0,0,D,0,0,D,10,9,2,2,9,12,8,4,1,2,0,0,1.7,3.9,4.75,1.7,3.9,4.6,1.7,4.0,5.0,1.7,3.9,5.21,1.7,3.9,4.75,1.74,4.22,4.94,1.74,4.22,5.21,1.7,3.95,4.84,1.73,4.2,5.3,1.73,2.1,1.75,2.16,1.78,2.21,1.72,2.14,1.76,2.2,-0.75,1.9,2.0,1.91,2.0,1.92,2.02,1.88,1.95,1.92,2.04,1.73,3.8,4.75,1.8,3.7,4.33,1.73,3.5,4.5,1.77,3.78,4.98,1.8,3.7,4.4,1.74,3.88,5.03,1.87,3.88,5.03,1.79,3.75,4.62,1.85,3.8,5.0,1.8,2.0,1.83,2.07,1.85,2.1,1.8,2.04,1.85,2.14,-0.75,1.98,1.95,2.0,1.93,2.13,1.97,1.99,1.87,2.15,1.85,2024/2025
80,D1,03/11/2024,16:30,M'gladbach,Werder Bremen,4,1,H,3,0,H,16,15,8,5,12,10,7,7,1,4,0,1,2.1,3.8,3.2,2.05,3.9,3.1,2.05,3.9,3.25,2.14,3.89,3.22,2.1,3.7,3.2,2.18,3.97,3.28,2.18,4.0,3.3,2.1,3.87,3.18,2.2,3.95,3.35,1.5,2.63,1.5,2.7,1.5,2.79,1.48,2.65,1.51,2.8,-0.25,1.87,2.03,1.88,2.02,1.88,2.05,1.83,1.99,1.92,2.05,2.3,3.75,2.9,2.25,3.7,2.95,2.2,3.6,3.0,2.34,3.73,3.01,2.25,3.6,3.0,2.28,3.8,3.04,2.35,3.83,3.15,2.26,3.74,3.02,2.3,3.8,3.25,1.5,2.63,1.54,2.61,1.54,2.77,1.51,2.6,1.55,2.76,-0.25,2.05,1.88,2.05,1.88,2.06,1.93,1.96,1.89,1.99,1.98,2024/2025
81,D1,08/11/2024,19:30,Union Berlin,Freiburg,0,0,D,0,0,D,12,14,6,4,11,8,4,1,2,0,0,0,2.45,3.25,2.9,2.45,3.1,3.0,2.5,3.2,3.0,2.55,3.19,3.11,2.5,3.1,3.0,2.56,3.3,3.11,2.56,3.3,3.15,2.52,3.18,3.04,2.6,3.25,3.15,2.38,1.57,2.46,1.61,2.51,1.65,2.41,1.59,2.54,1.64,-0.25,2.08,1.73,2.17,1.79,2.17,1.8,2.11,1.76,2.2,1.81,2.38,3.1,3.1,2.4,3.1,3.1,2.4,3.0,3.1,2.48,3.25,3.16,2.38,3.2,3.1,2.39,3.21,3.32,2.49,3.27,3.32,2.42,3.2,3.15,2.56,3.25,3.3,2.3,1.62,2.41,1.65,2.44,1.66,2.33,1.62,2.42,1.7,-0.25,2.07,1.86,2.12,1.83,2.12,1.89,2.04,1.82,2.16,1.85,2024/2025
82,D1,09/11/2024,14:30,Bochum,Leverkusen,1,1,D,0,1,A,15,11,3,3,10,9,6,4,0,1,0,0,9.5,6.5,1.27,9.25,6.25,1.28,10.5,7.0,1.22,10.94,6.8,1.24,9.0,6.5,1.29,9.4,7.24,1.3,11.0,7.24,1.3,10.15,6.68,1.26,11.5,7.2,1.28,1.3,3.5,1.32,3.31,1.32,3.73,1.29,3.54,1.33,3.8,1.75,2.04,1.86,2.05,1.84,2.09,1.93,2.01,1.83,2.1,1.86,9.5,6.25,1.25,10.0,6.5,1.26,11.0,6.5,1.2,11.26,6.81,1.25,10.0,6.5,1.25,10.6,6.72,1.27,11.26,7.0,1.29,10.39,6.57,1.26,12.5,7.0,1.28,1.36,3.2,1.35,3.28,1.37,3.6,1.35,3.24,1.38,3.55,1.75,2.05,1.88,2.03,1.88,2.06,1.91,1.98,1.87,2.04,1.92,2024/2025
83,D1,09/11/2024,14:30,Mainz,Dortmund,3,1,H,2,1,H,13,2,9,1,17,5,8,0,3,1,0,1,3.5,3.6,2.0,3.4,3.7,2.05,3.5,3.7,2.05,3.48,3.74,2.08,3.5,3.75,2.0,3.63,4.02,2.04,3.63,4.02,2.1,3.46,3.74,2.06,3.65,3.85,2.14,1.62,2.3,1.6,2.45,1.65,2.5,1.59,2.4,1.61,2.48,0.5,1.84,2.06,1.83,2.09,1.85,2.1,1.82,2.05,1.87,2.14,3.9,3.6,1.95,3.6,3.7,1.95,3.8,3.6,1.91,3.75,3.8,2.01,3.7,3.8,1.91,4.26,3.68,1.91,4.26,3.84,2.05,3.83,3.72,1.96,4.0,3.85,2.0,1.57,2.38,1.57,2.55,1.59,2.55,1.56,2.44,1.62,2.58,0.5,1.93,2.0,1.91,2.01,1.97,2.05,1.9,1.96,1.98,2.0,2024/2025
84,D1,09/11/2024,14:30,St Pauli,Bayern Munich,0,1,A,0,1,A,3,13,0,6,10,7,5,10,2,2,0,0,9.0,7.0,1.25,11.0,6.5,1.24,12.0,7.0,1.22,12.45,7.14,1.22,12.0,6.5,1.22,11.4,7.32,1.26,13.0,7.5,1.26,11.42,6.92,1.23,13.5,7.4,1.25,1.4,3.0,1.38,3.1,1.41,3.17,1.38,3.03,1.43,3.2,1.75,2.07,1.83,2.11,1.78,2.11,1.86,2.04,1.81,2.14,1.84,13.0,7.0,1.2,13.0,7.25,1.2,15.0,7.0,1.17,16.12,7.69,1.19,15.0,7.0,1.18,14.1,7.28,1.22,17.0,7.9,1.23,14.67,7.32,1.2,18.0,8.0,1.21,1.44,2.75,1.46,2.79,1.49,2.9,1.45,2.79,1.48,3.05,2.0,1.93,2.0,1.93,1.97,1.97,2.02,1.9,1.96,1.94,2.0,2024/2025
85,D1,09/11/2024,14:30,Werder Bremen,Holstein Kiel,2,1,H,1,0,H,16,12,5,5,10,19,6,3,3,2,0,0,1.62,4.33,4.75,1.63,4.2,4.8,1.62,4.33,5.0,1.64,4.29,5.15,1.65,4.2,4.8,1.69,4.53,4.94,1.69,4.53,5.3,1.64,4.3,4.93,1.68,4.5,5.4,1.53,2.5,1.54,2.59,1.55,2.65,1.52,2.55,1.56,2.6,-1.0,2.06,1.84,2.07,1.85,2.11,1.85,2.05,1.82,2.11,1.86,1.57,4.33,5.0,1.58,4.33,5.25,1.62,4.1,5.0,1.61,4.35,5.53,1.62,4.2,5.0,1.63,4.49,5.18,1.66,4.49,5.53,1.62,4.31,5.19,1.69,4.4,5.4,1.57,2.38,1.61,2.45,1.61,2.6,1.55,2.48,1.59,2.62,-1.0,2.02,1.91,2.01,1.92,2.06,1.93,2.0,1.86,2.12,1.87,2024/2025
86,D1,09/11/2024,17:30,RB Leipzig,M'gladbach,0,0,D,0,0,D,11,14,4,4,14,7,8,4,2,2,0,0,1.57,4.33,5.25,1.55,4.5,5.25,1.6,4.5,5.0,1.6,4.67,5.11,1.57,4.5,5.0,1.64,4.79,5.1,1.64,4.8,5.5,1.59,4.59,5.08,1.66,4.6,5.4,1.4,3.0,1.42,2.95,1.44,3.02,1.41,2.92,1.44,3.05,-1.0,1.95,1.95,1.96,1.94,1.96,1.99,1.92,1.92,1.99,1.96,1.62,4.33,5.0,1.63,4.33,4.6,1.62,4.2,5.0,1.66,4.4,4.94,1.62,4.33,4.8,1.65,4.35,5.12,1.68,4.5,5.3,1.63,4.36,4.87,1.69,4.5,5.2,1.44,2.75,1.45,2.88,1.5,2.95,1.43,2.83,1.48,3.05,-1.0,2.05,1.88,2.08,1.85,2.08,1.91,2.01,1.85,2.09,1.88,2024/2025
87,D1,10/11/2024,14:30,Augsburg,Hoffenheim,0,0,D,0,0,D,16,11,4,2,16,7,10,6,2,3,0,0,2.05,3.75,3.25,2.1,3.75,3.1,2.05,3.8,3.3,2.11,3.85,3.33,2.1,3.75,3.2,2.14,4.02,3.34,2.15,4.02,3.37,2.1,3.79,3.25,2.16,4.0,3.4,1.57,2.38,1.58,2.49,1.59,2.55,1.55,2.45,1.58,2.58,-0.25,1.85,2.05,1.85,2.06,1.87,2.07,1.82,2.01,1.89,2.08,2.05,3.4,3.4,2.1,3.4,3.4,2.0,3.5,3.5,2.18,3.41,3.63,2.1,3.5,3.4,2.1,3.55,3.68,2.2,3.65,3.74,2.11,3.48,3.53,2.18,3.65,3.65,1.92,1.98,1.94,1.96,1.97,2.24,1.84,2.01,1.95,2.04,-0.25,1.87,2.06,1.88,2.05,1.9,2.13,1.82,2.04,1.89,2.1,2024/2025
88,D1,10/11/2024,16:30,Stuttgart,Ein Frankfurt,2,3,A,0,1,A,22,8,11,5,10,15,8,3,2,3,0,0,1.9,4.0,3.7,1.87,3.9,3.7,1.95,3.9,3.7,1.93,4.05,3.72,1.91,4.0,3.6,1xBet,1.95,4.27,1.95,4.27,3.85,1.91,4.04,3.65,1.99,4.1,3.85,1.44,2.75,1.46,2.8,1.48,2.88,1.45,2.72,1.5,2.88,-0.5,1.92,1.98,1.93,1.97,1.93,2.0,1.89,1.96,1.99,2.0,1.73,3.9,4.5,1.75,3.8,4.4,1.8,3.8,4.1,1.78,3.95,4.54,1.75,3.75,4.5,1.8,4.0,4.44,1.82,4.0,4.68,1.78,3.91,4.38,1.78,4.1,5.0,1.62,2.3,1.66,2.32,1.66,2.41,1.6,2.34,1.67,2.46,-0.75,1.98,1.95,1.99,1.93,2.05,1.96,1.97,1.88,2.01,1.97,2024/2025
89,D1,10/11/2024,18:30,Heidenheim,Wolfsburg,1,3,A,0,2,A,19,13,4,6,9,23,5,5,1,6,0,0,2.75,3.4,2.45,2.7,3.3,2.55,2.8,3.3,2.6,2.91,3.27,2.61,2.75,3.4,2.5,2.88,3.6,2.56,2.94,3.6,2.61,2.83,3.33,2.54,2.94,3.5,2.64,1.95,1.95,1.96,1.93,1.98,1.96,1.92,1.91,1.96,1.95,0.0,2.05,1.85,2.07,1.85,2.09,1.88,2.04,1.83,2.11,1.89,2.88,3.2,2.55,2.8,3.2,2.55,2.88,3.2,2.45,2.95,3.29,2.6,2.9,3.2,2.5,2.86,3.29,2.65,3.01,3.31,2.65,2.91,3.25,2.55,2.98,3.35,2.7,2.02,1.88,2.02,1.89,2.08,2.0,1.98,1.86,2.08,1.9,0.0,2.1,1.83,2.09,1.85,2.11,1.87,2.07,1.81,2.11,1.89,2024/2025
